SelectionType,Fold,Seed,Converged,Generations,Evaluations,GenerationBestIndividualFound,AgeBestIndividual,NmbrActiveNodesBestIndividual,Time,BestTrainFitness,TestFitness,TestMSE
MuPlusLambda,1,1,false,92137,3040800,50068,42069,14,1118.35s,0.4715365,0.44883522,0.9640769
MuPlusLambda,1,2,false,75440,2489760,37156,38284,20,1009.69s,0.46293798,0.44151846,0.95993394
MuPlusLambda,1,3,false,64283,2121540,27205,37078,16,780.01s,0.4689581,0.4460574,0.94660276
MuPlusLambda,1,4,false,62364,2058252,33563,28801,7,623.99s,0.47476023,0.4520062,0.97909886
MuPlusLambda,1,5,false,60761,2005353,22509,38252,7,614.90s,0.47476023,0.4520062,0.97909886
MuPlusLambda,1,6,false,102312,3376575,66030,36282,30,1421.73s,0.45772338,0.43256444,0.9398498
MuPlusLambda,2,1,false,128940,4255377,82522,46418,16,1647.52s,0.46186855,0.43974486,0.96674436
MuPlusLambda,2,2,false,66119,2182128,36353,29766,14,940.01s,0.46416178,0.44273412,0.9995364
MuPlusLambda,2,3,false,96603,3188139,41618,54985,20,1178.04s,0.46332464,0.44279936,0.9685415
MuPlusLambda,2,4,false,47000,1551162,43,46957,7,586.26s,0.4745226,0.45295522,1.0039092
MuPlusLambda,2,5,false,88937,2935161,39970,48967,8,862.42s,0.47484103,0.45310974,0.99851066
MuPlusLambda,2,6,false,74681,2464635,11794,62887,16,996.59s,0.4649382,0.44413707,0.9912616
MuPlusLambda,3,1,false,53482,1765068,15532,37950,14,555.76s,0.4497934,0.4990756,1.1841866
MuPlusLambda,3,2,false,45624,1505754,11297,34327,8,458.00s,0.46049187,0.51143056,1.2356397
MuPlusLambda,3,3,false,90565,2988963,54787,35778,17,1016.38s,0.44781327,0.50214386,1.2101567
MuPlusLambda,3,4,false,73452,2424117,22251,51201,13,861.84s,0.44753778,0.50035846,1.2159154
MuPlusLambda,3,5,false,118141,3899049,77108,41033,17,1451.90s,0.45394528,0.5092867,1.2494301
MuPlusLambda,3,6,false,51989,1715838,15836,36153,9,611.14s,0.46159065,0.51207626,1.229272
MuPlusLambda,4,1,false,69143,2281998,34064,35079,7,665.73s,0.46983042,0.47172555,1.0842404
MuPlusLambda,4,2,false,79014,2607741,29799,49215,7,859.35s,0.46983042,0.47172555,1.0842404
MuPlusLambda,4,3,false,79967,2639190,48597,31370,11,864.36s,0.4688884,0.47112614,1.091101
MuPlusLambda,4,4,false,58461,1929414,7584,50877,7,613.79s,0.46983042,0.47172555,1.0842404
MuPlusLambda,4,5,false,114408,3775782,77827,36581,18,1417.56s,0.45116612,0.4569144,1.0285327
MuPlusLambda,4,6,false,134347,4433730,71807,62540,16,1694.68s,0.45556247,0.4594164,1.048128
MuPlusLambda,5,1,false,51125,1687287,10611,40514,7,449.42s,0.47198197,0.46311605,0.9968805
MuPlusLambda,5,2,false,128719,4248162,95158,33561,32,1544.27s,0.45166785,0.4456347,0.9493626
MuPlusLambda,5,3,false,68580,2263380,24443,44137,7,636.35s,0.47198197,0.46311605,0.9968805
MuPlusLambda,5,4,false,145266,4794018,78541,66725,30,2471.37s,0.4543268,0.4481325,0.944813
MuPlusLambda,5,5,false,77258,2549754,40969,36289,7,913.51s,0.47198197,0.46311605,0.9968805
MuPlusLambda,5,6,false,82902,2736006,18667,64235,6,1041.31s,0.4727202,0.4637549,1.0004922
