SelectionType,Fold,Seed,Converged,Generations,Evaluations,GenerationBestIndividualFound,AgeBestIndividual,NmbrActiveNodesBestIndividual,Time,BestTrainMCC,BestTrainMAE,TestMCC,TestMAE,TestMSE
MuPlusLambda,1,1,false,172410,10000027,158607,13803,39,199.31s,0.8976449,0.073985696,0.8357814,0.11538464,4.8780713
MuPlusLambda,1,2,false,172409,10000030,55912,116497,33,179.92s,0.9071517,0.06682575,0.8259318,0.125,83.11445
MuPlusLambda,1,3,false,172410,10000027,119620,52790,34,183.40s,0.8976228,0.073985696,0.82303363,0.125,3.5688593
MuPlusLambda,1,4,false,172407,10000036,101556,70851,39,195.07s,0.8907135,0.078758955,0.8775781,0.086538434,297.0549
MuPlusLambda,1,5,false,172409,10000030,11953,160456,34,189.00s,0.8842725,0.083532214,0.8795935,0.086538434,1.839908
MuPlusLambda,1,6,false,172409,10000030,119896,52513,44,176.28s,0.89072126,0.078758955,0.83705795,0.11538464,41813.953
MuPlusLambda,2,1,false,172411,10000024,92849,79562,38,199.86s,0.8960313,0.073985696,0.7772198,0.16346157,3.254331
MuPlusLambda,2,2,false,172409,10000030,171835,574,40,192.83s,0.90587664,0.06682575,0.7906449,0.15384614,258.48822
MuPlusLambda,2,3,false,172409,10000030,148433,23976,33,191.20s,0.9058659,0.06682575,0.81619775,0.13461536,4314.987
MuPlusLambda,2,4,false,172409,10000030,139553,32856,29,205.61s,0.8958623,0.073985696,0.87039477,0.096153855,2.5743284
MuPlusLambda,2,5,false,172410,10000027,73129,99281,23,184.94s,0.88288844,0.083532214,0.8052927,0.14423078,1.666266
MuPlusLambda,2,6,false,172409,10000030,18175,154234,30,192.85s,0.8993948,0.071599066,0.8709653,0.096153855,1164.9406
MuPlusLambda,3,1,false,172409,10000030,68971,103438,33,185.87s,0.88958466,0.078758955,0.777212,0.16346157,6526951500000000000000000000
MuPlusLambda,3,2,false,172407,10000036,26511,145896,33,194.19s,0.8891973,0.078758955,0.828552,0.125,0.96816885
MuPlusLambda,3,3,false,172409,10000030,134540,37869,47,229.21s,0.89923334,0.071599066,0.82896286,0.125,1.436954
MuPlusLambda,3,4,false,172410,10000027,111319,61091,42,171.50s,0.9131628,0.06205249,0.89526355,0.07692307,5358.927
MuPlusLambda,3,5,false,172409,10000030,105303,67106,42,215.80s,0.9034934,0.06921244,0.8160035,0.13461536,1.9820733
MuPlusLambda,3,6,false,172408,10000033,158153,14255,29,200.91s,0.89972657,0.071599066,0.8822005,0.086538434,2.2472663
MuPlusLambda,4,1,false,172410,10000027,74958,97452,35,215.66s,0.91075116,0.06443912,0.8766036,0.086538434,528.67456
MuPlusLambda,4,2,false,172408,10000033,154975,17433,25,205.97s,0.90063024,0.071599066,0.80812997,0.13461536,2287.6077
MuPlusLambda,4,3,false,172407,10000036,125735,46672,38,186.26s,0.89452,0.076372325,0.7942852,0.14423078,63178.016
MuPlusLambda,4,4,false,172409,10000030,117696,54713,29,195.20s,0.8969658,0.073985696,0.84934896,0.10576922,5596213.5
MuPlusLambda,4,5,false,172410,10000027,155607,16803,37,217.18s,0.8944231,0.076372325,0.8770876,0.086538434,152943410000000000000000
MuPlusLambda,4,6,false,172407,10000036,113664,58743,28,193.64s,0.8975233,0.073985696,0.80919087,0.13461536,2.3102157
MuPlusLambda,5,1,false,172408,10000033,17533,154875,38,197.87s,0.9168723,0.05966586,0.69415355,0.22115386,6.2024174
MuPlusLambda,5,2,false,172409,10000030,124416,47993,35,189.43s,0.9201703,0.05727923,0.7830835,0.15384614,83012230000000000000000000
MuPlusLambda,5,3,false,172408,10000033,140699,31709,27,183.75s,0.9138945,0.06205249,0.74953943,0.18269229,2.4741607
MuPlusLambda,5,4,false,172409,10000030,162336,10073,30,181.22s,0.91702104,0.05966586,0.7469133,0.18269229,5183.346
MuPlusLambda,5,5,false,172411,10000024,95978,76433,36,206.22s,0.93367505,0.04773271,0.7109253,0.21153843,2.0630465
MuPlusLambda,5,6,false,172408,10000033,155471,16937,31,185.00s,0.9239147,0.0548926,0.7472943,0.18269229,1.6615908
